{
  "View Cart - GET /cart" : {
    "transaction" : "View Cart - GET /cart",
    "sampleCount" : 5501,
    "errorCount" : 0,
    "errorPct" : 0.0,
    "meanResTime" : 573.335393564807,
    "medianResTime" : 481.0,
    "minResTime" : 30.0,
    "maxResTime" : 2579.0,
    "pct1ResTime" : 1138.8000000000002,
    "pct2ResTime" : 1363.8999999999996,
    "pct3ResTime" : 1835.8399999999965,
    "throughput" : 18.368198741172346,
    "receivedKBytesPerSec" : 129.7925859965858,
    "sentKBytesPerSec" : 2.7982802769754747
  },
  "Total" : {
    "transaction" : "Total",
    "sampleCount" : 27553,
    "errorCount" : 22052,
    "errorPct" : 80.03484,
    "meanResTime" : 160.25336623961013,
    "medianResTime" : 51.0,
    "minResTime" : 2.0,
    "maxResTime" : 2579.0,
    "pct1ResTime" : 392.0,
    "pct2ResTime" : 627.0,
    "pct3ResTime" : 1089.9800000000032,
    "throughput" : 91.94846107382774,
    "receivedKBytesPerSec" : 318.1320969162242,
    "sentKBytesPerSec" : 14.97529884167565
  },
  "Checkout - POST /checkout" : {
    "transaction" : "Checkout - POST /checkout",
    "sampleCount" : 5496,
    "errorCount" : 5496,
    "errorPct" : 100.0,
    "meanResTime" : 47.53038573508,
    "medianResTime" : 37.0,
    "minResTime" : 2.0,
    "maxResTime" : 580.0,
    "pct1ResTime" : 93.0,
    "pct2ResTime" : 120.0,
    "pct3ResTime" : 259.0,
    "throughput" : 18.362355834124045,
    "receivedKBytesPerSec" : 7.059036751022359,
    "sentKBytesPerSec" : 3.2277578614671176
  },
  "View Product Detail - GET /product/{product_id}" : {
    "transaction" : "View Product Detail - GET /product/{product_id}",
    "sampleCount" : 5516,
    "errorCount" : 5516,
    "errorPct" : 100.0,
    "meanResTime" : 85.06562726613488,
    "medianResTime" : 59.0,
    "minResTime" : 5.0,
    "maxResTime" : 984.0,
    "pct1ResTime" : 182.30000000000018,
    "pct2ResTime" : 247.0,
    "pct3ResTime" : 454.0,
    "throughput" : 18.41945329352915,
    "receivedKBytesPerSec" : 96.6666467092675,
    "sentKBytesPerSec" : 2.912645446394582
  },
  "Add To Cart - POST /cart" : {
    "transaction" : "Add To Cart - POST /cart",
    "sampleCount" : 5509,
    "errorCount" : 5509,
    "errorPct" : 100.0,
    "meanResTime" : 49.46542022145589,
    "medianResTime" : 37.0,
    "minResTime" : 3.0,
    "maxResTime" : 585.0,
    "pct1ResTime" : 94.0,
    "pct2ResTime" : 141.0,
    "pct3ResTime" : 295.89999999999964,
    "throughput" : 18.398290084493873,
    "receivedKBytesPerSec" : 77.72156093974384,
    "sentKBytesPerSec" : 3.1622061082723842
  },
  "Browse Products - GET /products" : {
    "transaction" : "Browse Products - GET /products",
    "sampleCount" : 5531,
    "errorCount" : 5531,
    "errorPct" : 100.0,
    "meanResTime" : 46.75266678719933,
    "medianResTime" : 36.0,
    "minResTime" : 2.0,
    "maxResTime" : 762.0,
    "pct1ResTime" : 92.0,
    "pct2ResTime" : 114.39999999999964,
    "pct3ResTime" : 277.6800000000003,
    "throughput" : 18.464856347356964,
    "receivedKBytesPerSec" : 7.09820312656489,
    "sentKBytesPerSec" : 2.885133804274526
  }
}