{
  "View Cart - GET /cart" : {
    "transaction" : "View Cart - GET /cart",
    "sampleCount" : 13754,
    "errorCount" : 3550,
    "errorPct" : 25.810673,
    "meanResTime" : 2718.443652755556,
    "medianResTime" : 430.0,
    "minResTime" : 5.0,
    "maxResTime" : 60020.0,
    "pct1ResTime" : 2162.0,
    "pct2ResTime" : 18263.25,
    "pct3ResTime" : 40369.50000000004,
    "throughput" : 15.208175306452363,
    "receivedKBytesPerSec" : 91.7851536411743,
    "sentKBytesPerSec" : 1.7838925503824712
  },
  "Total" : {
    "transaction" : "Total",
    "sampleCount" : 69334,
    "errorCount" : 59130,
    "errorPct" : 85.28284,
    "meanResTime" : 2149.0118700781463,
    "medianResTime" : 79.0,
    "minResTime" : 2.0,
    "maxResTime" : 60020.0,
    "pct1ResTime" : 2388.600000000006,
    "pct2ResTime" : 12540.0,
    "pct3ResTime" : 40653.35000000011,
    "throughput" : 76.6531493085805,
    "receivedKBytesPerSec" : 252.3053128776191,
    "sentKBytesPerSec" : 9.582839917978234
  },
  "Checkout - POST /checkout" : {
    "transaction" : "Checkout - POST /checkout",
    "sampleCount" : 13661,
    "errorCount" : 13661,
    "errorPct" : 100.0,
    "meanResTime" : 2058.4688529390214,
    "medianResTime" : 51.0,
    "minResTime" : 2.0,
    "maxResTime" : 54421.0,
    "pct1ResTime" : 2079.800000000001,
    "pct2ResTime" : 11960.399999999994,
    "pct3ResTime" : 37020.39999999989,
    "throughput" : 15.125077225249722,
    "receivedKBytesPerSec" : 14.259762809496104,
    "sentKBytesPerSec" : 2.026773565049679
  },
  "View Product Detail - GET /product/{product_id}" : {
    "transaction" : "View Product Detail - GET /product/{product_id}",
    "sampleCount" : 13976,
    "errorCount" : 13976,
    "errorPct" : 100.0,
    "meanResTime" : 1944.3647681740174,
    "medianResTime" : 68.0,
    "minResTime" : 5.0,
    "maxResTime" : 54901.0,
    "pct1ResTime" : 2066.0,
    "pct2ResTime" : 9348.749999999984,
    "pct3ResTime" : 39888.07999999996,
    "throughput" : 15.461511059582573,
    "receivedKBytesPerSec" : 72.24874003059722,
    "sentKBytesPerSec" : 1.8850535845460117
  },
  "Add To Cart - POST /cart" : {
    "transaction" : "Add To Cart - POST /cart",
    "sampleCount" : 13880,
    "errorCount" : 13880,
    "errorPct" : 100.0,
    "meanResTime" : 1923.026224783859,
    "medianResTime" : 48.0,
    "minResTime" : 3.0,
    "maxResTime" : 55422.0,
    "pct1ResTime" : 2063.0,
    "pct2ResTime" : 9548.14999999996,
    "pct3ResTime" : 37191.07000000003,
    "throughput" : 15.358994362098251,
    "receivedKBytesPerSec" : 59.61773878955245,
    "sentKBytesPerSec" : 2.0329331750958555
  },
  "Browse Products - GET /products" : {
    "transaction" : "Browse Products - GET /products",
    "sampleCount" : 14063,
    "errorCount" : 14063,
    "errorPct" : 100.0,
    "meanResTime" : 2106.472729858494,
    "medianResTime" : 51.0,
    "minResTime" : 2.0,
    "maxResTime" : 55428.0,
    "pct1ResTime" : 2069.0,
    "pct2ResTime" : 12506.799999999996,
    "pct3ResTime" : 40380.04000000004,
    "throughput" : 15.561872913399942,
    "receivedKBytesPerSec" : 14.54252326832252,
    "sentKBytesPerSec" : 1.862171248103594
  }
}