{
  "View Cart - GET /cart" : {
    "transaction" : "View Cart - GET /cart",
    "sampleCount" : 13806,
    "errorCount" : 5091,
    "errorPct" : 36.87527,
    "meanResTime" : 2521.5685933651935,
    "medianResTime" : 1093.0,
    "minResTime" : 27.0,
    "maxResTime" : 42375.0,
    "pct1ResTime" : 2314.2000000000044,
    "pct2ResTime" : 16091.499999999996,
    "pct3ResTime" : 32227.880000000005,
    "throughput" : 15.279239557360231,
    "receivedKBytesPerSec" : 83.56101407742158,
    "sentKBytesPerSec" : 1.469352188629882
  },
  "Total" : {
    "transaction" : "Total",
    "sampleCount" : 69762,
    "errorCount" : 61047,
    "errorPct" : 87.50752,
    "meanResTime" : 2381.790071958917,
    "medianResTime" : 82.0,
    "minResTime" : 3.0,
    "maxResTime" : 42375.0,
    "pct1ResTime" : 2301.9000000000015,
    "pct2ResTime" : 17956.800000000003,
    "pct3ResTime" : 33984.98,
    "throughput" : 77.17351263270731,
    "receivedKBytesPerSec" : 246.77657878074103,
    "sentKBytesPerSec" : 7.877919401844987
  },
  "Checkout - POST /checkout" : {
    "transaction" : "Checkout - POST /checkout",
    "sampleCount" : 13650,
    "errorCount" : 13650,
    "errorPct" : 100.0,
    "meanResTime" : 2279.110915750901,
    "medianResTime" : 89.5,
    "minResTime" : 3.0,
    "maxResTime" : 41618.0,
    "pct1ResTime" : 2116.8999999999996,
    "pct2ResTime" : 15573.899999999998,
    "pct3ResTime" : 32524.35,
    "throughput" : 15.125575519837774,
    "receivedKBytesPerSec" : 19.25867993513455,
    "sentKBytesPerSec" : 1.6529314113325464
  },
  "View Product Detail - GET /product/{product_id}" : {
    "transaction" : "View Product Detail - GET /product/{product_id}",
    "sampleCount" : 14094,
    "errorCount" : 14094,
    "errorPct" : 100.0,
    "meanResTime" : 2268.159926209734,
    "medianResTime" : 152.0,
    "minResTime" : 5.0,
    "maxResTime" : 41953.0,
    "pct1ResTime" : 2124.0,
    "pct2ResTime" : 15526.25,
    "pct3ResTime" : 31549.549999999977,
    "throughput" : 15.611033391927322,
    "receivedKBytesPerSec" : 67.33289312557666,
    "sentKBytesPerSec" : 1.550042547099487
  },
  "Add To Cart - POST /cart" : {
    "transaction" : "Add To Cart - POST /cart",
    "sampleCount" : 13961,
    "errorCount" : 13961,
    "errorPct" : 100.0,
    "meanResTime" : 2236.414153713919,
    "medianResTime" : 88.0,
    "minResTime" : 3.0,
    "maxResTime" : 41438.0,
    "pct1ResTime" : 2113.0,
    "pct2ResTime" : 15505.599999999999,
    "pct3ResTime" : 31513.0,
    "throughput" : 15.466869922527167,
    "receivedKBytesPerSec" : 56.84008787358512,
    "sentKBytesPerSec" : 1.6784984085553583
  },
  "Browse Products - GET /products" : {
    "transaction" : "Browse Products - GET /products",
    "sampleCount" : 14251,
    "errorCount" : 14251,
    "errorPct" : 100.0,
    "meanResTime" : 2599.5210862395656,
    "medianResTime" : 103.0,
    "minResTime" : 3.0,
    "maxResTime" : 41087.0,
    "pct1ResTime" : 2157.800000000001,
    "pct2ResTime" : 17501.8,
    "pct3ResTime" : 33270.399999999994,
    "throughput" : 15.783324011673303,
    "receivedKBytesPerSec" : 20.043143466231594,
    "sentKBytesPerSec" : 1.5366895001190588
  }
}