{
  "View Cart - GET /cart" : {
    "transaction" : "View Cart - GET /cart",
    "sampleCount" : 9181,
    "errorCount" : 0,
    "errorPct" : 0.0,
    "meanResTime" : 519.6961115346951,
    "medianResTime" : 402.0,
    "minResTime" : 25.0,
    "maxResTime" : 3174.0,
    "pct1ResTime" : 1102.0,
    "pct2ResTime" : 1332.8999999999996,
    "pct3ResTime" : 1927.1800000000003,
    "throughput" : 15.258738748321388,
    "receivedKBytesPerSec" : 107.81136841789267,
    "sentKBytesPerSec" : 2.324573481189587
  },
  "Total" : {
    "transaction" : "Total",
    "sampleCount" : 46153,
    "errorCount" : 36972,
    "errorPct" : 80.10747,
    "meanResTime" : 147.76738240201178,
    "medianResTime" : 45.0,
    "minResTime" : 3.0,
    "maxResTime" : 3174.0,
    "pct1ResTime" : 306.0,
    "pct2ResTime" : 483.0,
    "pct3ResTime" : 879.9900000000016,
    "throughput" : 76.68942552304107,
    "receivedKBytesPerSec" : 265.3425415761768,
    "sentKBytesPerSec" : 12.488351356703948
  },
  "Checkout - POST /checkout" : {
    "transaction" : "Checkout - POST /checkout",
    "sampleCount" : 9140,
    "errorCount" : 9140,
    "errorPct" : 100.0,
    "meanResTime" : 46.49409190371986,
    "medianResTime" : 34.0,
    "minResTime" : 3.0,
    "maxResTime" : 1536.0,
    "pct1ResTime" : 92.0,
    "pct2ResTime" : 116.0,
    "pct3ResTime" : 226.0,
    "throughput" : 15.213049267643143,
    "receivedKBytesPerSec" : 5.84682500156042,
    "sentKBytesPerSec" : 2.6741688165778963
  },
  "View Product Detail - GET /product/{product_id}" : {
    "transaction" : "View Product Detail - GET /product/{product_id}",
    "sampleCount" : 9284,
    "errorCount" : 9284,
    "errorPct" : 100.0,
    "meanResTime" : 77.97210254200768,
    "medianResTime" : 51.0,
    "minResTime" : 5.0,
    "maxResTime" : 1919.0,
    "pct1ResTime" : 162.0,
    "pct2ResTime" : 203.0,
    "pct3ResTime" : 454.0,
    "throughput" : 15.448949740992134,
    "receivedKBytesPerSec" : 81.0776623058065,
    "sentKBytesPerSec" : 2.4428159716039852
  },
  "Add To Cart - POST /cart" : {
    "transaction" : "Add To Cart - POST /cart",
    "sampleCount" : 9233,
    "errorCount" : 9233,
    "errorPct" : 100.0,
    "meanResTime" : 51.45196577493783,
    "medianResTime" : 35.0,
    "minResTime" : 3.0,
    "maxResTime" : 1918.0,
    "pct1ResTime" : 97.0,
    "pct2ResTime" : 136.0,
    "pct3ResTime" : 302.97999999999956,
    "throughput" : 15.365694543372765,
    "receivedKBytesPerSec" : 64.90925797710123,
    "sentKBytesPerSec" : 2.6409787496421937
  },
  "Browse Products - GET /products" : {
    "transaction" : "Browse Products - GET /products",
    "sampleCount" : 9315,
    "errorCount" : 9315,
    "errorPct" : 100.0,
    "meanResTime" : 45.59023081052046,
    "medianResTime" : 32.0,
    "minResTime" : 3.0,
    "maxResTime" : 1686.0,
    "pct1ResTime" : 91.0,
    "pct2ResTime" : 113.0,
    "pct3ResTime" : 220.84000000000015,
    "throughput" : 15.49996755240287,
    "receivedKBytesPerSec" : 5.956647917259459,
    "sentKBytesPerSec" : 2.421869930062948
  }
}